{
  "mse": 2900.193628493482,
  "r2": 0.4526027629719195
}